case_id,case_number,case_type,case_status,account_name,deactivation_reason,email_to_deactivate,deactivation_request_date,agent_notes
50039000029Tid8AAC,02626921,JUUL Billing,Solved,Redacted,Underage,Redacted,2018-10-02,"- Underage Purchase
blocked and deactivated account Tristan Salazar: 10/2/18 16:56:33 GMT::
- %02626921%

Underage Purchase
blocked and deactivated account
-TS 

https://media-files.talkdeskapp.com/calls/CA6fdd5f28ce8a265d59cc66467c953293/recordings/0.mp3 JUUL Admin: 10/2/18 16:56:27 GMT::"
50039000029TEHgAAO,02616466,JUUL Billing,Pending,Redacted,Underage,Redacted,2018-10-02,"- Sent Underage Blocked ACCT. Jessica Wooten: 10/2/18 16:21:39 GMT::
- Chatted with the CM. He wanted to change the account name and date of birth since his 19-year old son placed an order in this account. Escalated because of underage purchase.
The order was holded for age verification as per Looker. 
CM ended the chat. Eunice Jane Sasota: 9/27/18 19:22:42 GMT::"
50039000029TYtuAAG,02623935,JUUL Billing,Solved,Redacted,Excessive RMAs,Redacted,2018-10-02,"- Associated with blocked account Redacted // Same customer has used many accounts that are connected with the name Conor O'Farrell Effie Charalampidi: 10/2/18 16:16:23 GMT::- CM chatted in about bad flavor pods from 2 packs - bought in Soho, London, circa 25 of September - acquired necessary info and sent cc rma-uk-pymzc26 and cc rma-uk-pegdufm Ilias Batavanis: 10/1/18 17:22:57 GMT::"
50039000029TeGGAA0,02625871,JUUL Billing,Solved,Redacted,Excessive RMAs,Redacted,2018-10-02,"- Confirmed code sharing
Account set for deactivation
Updated customer's description Julia Tan: 10/2/18 18:58:52 GMT::"
50039000029Ti4hAAC,02626810,JUUL Billing,Solved,Redacted,Customer Requested,Redacted,2018-10-02,- Age verification - ID upload issues - account deactivated | CM was very upset and don't want to create a new account | CM always using profanity words | CM is 21 years old | Already advised to create a new account but CM refuse to do so | CM ended the chat Nicole Lucena: 10/2/18 16:12:15 GMT::
50039000029Tj8sAAC,02627031,JUUL Billing,Pending,Redacted,Customer Requested,Redacted,2018-10-02,- Customer does not want to receive emails from us anymore /  Kount Block - Customer's request Alexandre Nieto: 10/2/18 17:29:13 GMT::
50039000029TcEwAAK,02624895,JUUL Billing,Open,Redacted,Unauthorized Purchase,Redacted,2018-10-02,
50039000029TMcOAAW,02618797,JUUL Billing,Open,Redacted,Unauthorized Purchase,Redacted,2018-10-02,- Code sharing confirmedUpdated customer's descriptionAccount set for deactivationNote: I updated tagging as wellPlease do not provide a replacement code Julia Tan: 10/2/18 23:22:25 GMT::- Still waiting for CRTs Account review if we can provide a code to CM since the package is already in-transit as per checking the tracking number. Keeshia Marrie Franz Mejia: 10/1/18 00:12:12 GMT::- leaky pods - postage sent as CM failed account review Keeshia Marrie Franz Mejia: 9/28/18 22:24:59 GMT::- Leaky pods - failed account review as SN is related to other account - second inquiry within 30 days - NMI Keeshia Marrie Franz Mejia: 9/28/18 19:22:30 GMT::
50039000029TEJmAAO,02616474,JUUL Billing,Solved,Redacted,Unauthorized Purchase,Redacted,2018-10-02,"- Unauthorized purchase
Billing refunded purchase to prevent chargeback
Account set for deactivation Julia Tan: 10/2/18 00:05:58 GMT::
- %026164745%

Called customer to confirm if he was able to #R544655821
CM informed that he is in Amsterdam for a month now and he did not place any order
Customer is busy at the moment
Will reach back via email - JPT



https://media-files.talkdeskapp.com/calls/CA68ac1a220d302ac1fdbcdbf44dd8322b/recordings/0.mp3 Julia Tan: 9/27/18 19:12:09 GMT::"
